Oki_120255mod-105,C,T,AACGTCAGTTA,AACGTTAGTTA,GGGTAGGCTAAAACTAAATTACTCAAA,0,0,4
Oki_101419-103-27,A,C,AATCCACTTCC,AATCCCCTTCC,CCCAATTGGAGACCAGGGTT,0,0,3
Oki_101419-103-44,T,C,GTTCTCCTACT,GTTCTCCCACT,CCCAATTGGAGACCAGGGTT,0,0,4
Oki_105105-245-23,T,G,GCCTTTTCCAT,GCCTTGTCCAT,GCGTATCAAGCATCAACGCC,0,0,3
Oki_105105-245-56,G,A,CTCATGCCCAA,CTCATACCCAA,GCGTATCAAGCATCAACGCC,0,0,4
Oki_106172-60-38,C,T,GTGCGCATCAA,GTGCGTATCAA,ACTACTTGGCGTGTGTGTGGG,0,0,3
Oki_106172-60-47,G,A,AACGCGCTGAC,AACGCACTGAC,ACTACTTGGCGTGTGTGTGGG,0,0,4
Oki_106172-60-47c,A,C,AACGCACTGAC,AACGCCCTGAC,ACTACTTGGCGTGTGTGTGGG,0,0,4
Oki_106172-60-53,C,T,CTGACCGCYGC,CTGACTGCYGC,ACTACTTGGCGTGTGTGTGGG,0,0,4
Oki_111681-407-38,C,T,AGAAACTGCAA,AGAAACTGTAA,TTCATCCCATTGGAAGCCCC,0,0,3
Oki_120255mod-113,G,A,AGTTACTGG,AGTTACTAG,GGGTAGGCTAAAACTAAATTACTCAAA,0,0,4
Oki_120255mod-115,G,T,TTACTRGGGTA,TTACTRGTGTA,GGGTAGGCTAAAACTAAATTACTCAAA,0,0,4
Oki_120255mod-119,G,A,GTAGYTTCWTG,GTAAYTTCWTG,GGGTAGGCTAAAACTAAATTACTCAAA,0,0,4
Oki_120255mod-120,C,T,CTTCWTGGCAT,TTTCWTGGCAT,GGGTAGGCTAAAACTAAATTACTCAAA,0,0,4
Oki_120255mod-133,T,C,TGGCATAGTC,TGGCATAGCC,GGGTAGGCTAAAACTAAATTACTCAAA,0,0,4
Oki_120255mod-135,A,C,GGCATAGYCAT,GGCATAGYCCT,GGGTAGGCTAAAACTAAATTACTCAAA,0,0,4
Oki_120255mod-137,A,T,ATAGYCMTAGAT,ATAGYCMTTGAT,GGGTAGGCTAAAACTAAATTACTCAAA,0,0,4
Oki_120255mod-141,A,G,ATAGYCMTWGATA,ATAGYCMTWGATG,GGGTAGGCTAAAACTAAATTACTCAAA,0,0,4
Oki_120255mod-99,A,C,GACTAAAACGT,GACTACAACGT,GGGTAGGCTAAAACTAAATTACTCAAA,0,0,3
Oki_126619-265-31,A,C,GGATTGKGCAC,GGATTGKGCCC,TGCGTAGTTAATTTTCACCTCGG,0,0,3
Oki_126619-265-35,A,G,CAGCACAGCTG,CGGCACAGCTG,TGCGTAGTTAATTTTCACCTCGG,0,0,4
Oki_126619-265-50,G,T,GATTCGCCAGT,GATTCTCCAGT,TGCGTAGTTAATTTTCACCTCGG,0,0,4
Oki_aspAT-273-37,C,T,CTGGACACAAT,CTGGATACAAT,ATGCTGGGAGAAACAGTGGG,0,0,3
Oki_aspAT-273-45,T,A,AATCCTTAACA,AATCCATAACA,ATGCTGGGAGAAACAGTGGG,0,0,4
Oki_RAD41030-31-36,C,T,GAAGGYCRGGG,GAAGGYTRGGG,GCTGAGCCTGGTCTGGG,0,0,3
Oki_RAD41030-31-37,G,A,GGGGSTCTGTG,AGGGSTCTGTG,GCTGAGCCTGGTCTGGG,0,0,4
Oki_RAD41030-31-41,G,C,GGGGTCTGTGG,GGGCTCTGTGG,GCTGAGCCTGGTCTGGG,0,0,4
Oki_RAD41030-31-55,G,T,AGCTCGGGCTG,AGCTCTGGCTG,GCTGAGCCTGGTCTGGG,0,0,4
Oki_RAD51585-47-25,C,G,GTGGCTCACTT,GTGGCTCAGTT,ACTTTCTAGTAGGCGTGTGGC,0,0,3
Oki_RAD51585-47-28,G,A,TCACTTGGTAGAGC,TCACTTAGTAGAGC,ACTTTCTAGTAGGCGTGTGGC,0,0,4
Oki_RAD51585-47-31,A,C,TTKGTAGAGCA,TTKGTCGAGCA,ACTTTCTAGTAGGCGTGTGGC,0,0,4
Omy_myclarp404-111,T,G,CAAAGCCATACGTGGCC,AAGCCATCCGTGGCC,GCTGTGGTGCTCATGGGTAAA,0,0,3
Omy_RAD13034-67-21,C,T,CTCCCCGAACC,CTCCCTGAACC,GAGTGATTCCCAGCCCTCC,0,0,3
Omy_RAD13034-67-35,A,T,CTGAGTGGACA,CTGTGTGGACA,GAGTGATTCCCAGCCCTCC,0,0,4
Omy_RAD79314-58-25,C,T,CTCGCCCTGCG,CTCGCCCTGTG,CACACTGACTCATCCCTCGC,0,0,3
Omy_RAD79314-58-27,T,C,GTCACRCCTGC,GCCACRCCTGC,CACACTGACTCATCCCTCGC,0,0,4
Omy_RAD79314-58-31,G,A,ACGCCTGCCCT,ACACCTGCCCT,CACACTGACTCATCCCTCGC,0,0,4
Omy_RAD79314-58-66,C,A,CAGTGTCAACC,CAGTGTCAAAC,CACACTGACTCATCCCTCGC,0,0,4
One_1a.54542-52-44,C,T,GCCTTGTGCTT,GCCTTGTGTTT,GCAGGTTGTGATCGTGACCA,0,0,3
One_1a.54542-52-47,G,C,TTGACCAGAAG,TTCACCAGAAG,GCAGGTTGTGATCGTGACCA,0,0,4
One_2.70711-39-28,G,T,AGGYGCTYGTRC,ATGYGCTYGTRC,TGCCCTGTTGTGATGAGCAT,0,0,3
One_2.70711-39-30,T,C,GTGCTYGTRCG,GCGCTYGTRCG,TGCCCTGTTGTGATGAGCAT,0,0,4
One_2.70711-39-43,G,A,CGTCCGCGGGC,CGTCCACGGGC,TGCCCTGTTGTGATGAGCAT,0,0,4
One_2.70711-39-56,C,G,GGCTAAGGATC,GGCTAAGGATG,TGCCCTGTTGTGATGAGCAT,0,0,4
One_2.70711-39-57,G,A,GCTAAGGATSG,GCTAAGGATSA,TGCCCTGTTGTGATGAGCAT,0,0,4
One_2.70711-39-64,T,G,TTCCCTAGGGG,TTCCCGAGGGG,TGCCCTGTTGTGATGAGCAT,0,0,4
Ots_ARNT-29,A,G,GTGCTAGCTAC,GTGCTGGCTAC,CCACTGGCTGTGGAGCTT,0,0,4
Ots_ARNT-29c,A,C,GTGCTAGCTAC,GTGCTCGCTAC,CCACTGGCTGTGGAGCTT,0,0,4
Ots_crRAD9615-69-19,T,A,GGGAGTGGGAG,GGGAGAGGGAG,GAATGCAGGGCCAGGGAG,0,0,4
Ots_crRAD9615-69-50,A,T,CTGGGAGGAGA,CTGGGTGGAGA,GAATGCAGGGCCAGGGAG,0,0,4
Ots_myo1a-384-36,C,T,CACCACTACCA,CACCATTACCA,CTCCCCCCTGGACTTTGG,0,0,4
Ots_myo1a-384-57,C,T,CTGCAGAACAC,CTGCAGAATAC,CTCCCCCCTGGACTTTGG,0,0,4
Ots_P53-25,G,T,TTCTGCAGGGG,TTCTGCAGTGG,GGAACTTCCTCTCCCGTTCTG,0,0,4
Ots_P53-28,G,C,GGGCAGCTCCT,GGCCAGCTCCT,GGAACTTCCTCTCCCGTTCTG,0,0,4
Ots_P53-40,T,C,CTCCTGGGTCG,CTCCTGGGCCG,GGAACTTCCTCTCCCGTTCTG,0,0,4
Ots_unk9480-51-38,T,C,TCCCASAAACT,TCCCASAAACC,CAAATCAGAACAAAACCTCCCACAA,0,0,4
Ots_unk9480-51-39,C,A,CTAAGGAGACC,ATAAGGAGACC,CAAATCAGAACAAAACCTCCCACAA,0,0,4
Ots_129170-683,C,A,ATTAGAACTCGTAGAACTAT,ATATTAGAACTCGTATAACTAT,AACCCTATGGGAACTCGTAGAACT,0.6,0,1
Ots_crRAD17527-58,C,T,TAGCTCCGAGCTAA,TAGCTCTGAGCTAA,TGCCGCTGGATTTATTGACA,0,0,1
Ots_110689-218,T,G,CACCAATCAATTAATTATT,ACCAATCAATTCATTATT,GTATAAACTAGAGTCCAGTGTTATGTTAATGTCTT,0,0,1
Ots_pigh-105,A,-,TGACCTGAAAATA[TC]ATATTTTT,ACCTGAAAATA[TC]ATTTTTTT,GCATTACTAAAAACTGGTGTGTGGAA,0,0,1
Ots_ZR-575,G,A,CC[GA]ACACAATTTTGT,CC[GA]ACATAATTTTGT,GCCTACCAGAAAGTACCAATTGTGA,0,0,1
Ots_arp-436,A,T,CTAGGTGAAACTTTTTTTAAA,CTAGGTGAAACTTTTTAAAAA,GCCCTGGAGAAGTACGTTTTAAACTAA,0,0,1
Ots_112208-722,C,A,TGTGAGGGCGGTCTT,ATGTGAGGTCGGTCTT,CTGCATGAACGTTAACTCAAATAAAAGGT,0,0,1
Ots_crRAD35313-66,A,G,TTTAAGATGTAGTT,TTTAAGGTGTAGTT,TGCAGGAAGAGTTCAGAGAAATCT,0,0,1
Ots_u07-25.325,T,C,CCGCTTGAAAGTTTGA,CGCTTGAAGGTTTGA,AGACAATCATGGTGTTTTGAGTCTTTCT,0,0,1
Ots_crRAD36152-44,C,T,CTGCCACCCTTTGA,CTGCCATCCTTTGA,CAAAGTGCAGGTGCTGGC,0,0,1
Ots_crRAD57376-68,T,C,ATAAAGTGTGTTAT,ATAAAGCGTGTTAT,TGCAGGCATCATGCTTAATAACT,0,0,1
Ots_107806-821,T,A,CAAAGAAAATCAAAATTT,CAAAGAAAATCTAAATTT,TGCAGTGCTGAATTAGAGATTAATTTTTGTG,0,0,1
Ots_102213-210,A,G,CTGTATACAGTAAGAGTATTAAT,ACAGTAAGAGCATTAAT,CATTCCATGACAATGATTGAAATCTAAAAACAC,0,0,1
Ots_afmid-196,G,C,CAAAGTCAAAGATCCTATTAAA,AAGTCAAAGATCGTATTAAA,CGTGGAGTAGGTGGTTACAGTTTAT,1.9,0,1
Ots_126619-400,C,T,AGAAAGTTCTAGAAATAATT,AAAGTTCTAGGAATAATT,GGATGGTTGTCATTTCTCTGCAAA,2,0,1
Ots_Est1363,A,T,CCATCCTGTCTTGTCTG,CATCCTGTCATGTCTG,GGTGATTTTGCCACAGAGTAGAGAT,0,0,1
Ots_GPDH-338,G,A,CCACTACTTAACGTGCTTT,CCACTACTTAACATGCTTT,CACTAAATATTCCTTATCATTTCATACTAAGTCTGAAGAA,1,0,1
Ots_u07-20.332,A,C,ACCATTTGATATAACTGCGTTAG,CATTTGATATAACGGCGTTAG,CGCGAGTTAGCTCGAATATTATGATTTC,0,0,1
Ots_crRAD18492-65,C,T,TTATGGCTATTATT,TTATGGTTATTATT,GCAGGGCGCAAAGTTCTT,0,0,1
Ots_GnRH-271,C,T,CAATGAATACAATATCTAACCTAAT,AATGAATACAATATCTAATCTAAT,CAGATGAAAAATAAATAATTGGGCCATTAGGAA,0,0,1
Ots_129870-55,A,T,ATGCATTCACCTGTATTAT,TGCATTCACCAGTATTAT,GCATGTAACACATTATTTGGCATATGTACT,0,0,1
Ots_108735-302,C,T,AAACAAACAACGCCTCATG,AACAAACAACACCTCATG,CCTTTTTCTTATTAGTTTTACTTCCCCAGAGA,0,0,1
Ots_u6-75,C,T,TTAGTCAACTGTTGTTTTT,TTAGTCAACTGTTATTTTT,GAAAAAGTAAAGTAAAAGTAAAGTATTATACCACTAAAGACAAT,0,0,1
Ots_AldB1-122,C,T,TGTTGGCGAAGTG[GT]GT,TGTTGGTGAAGTG[GT]GT,GCCATGGAGGACTGGATGA,0,0,1
Ots_mybp-85,C,T,AGAGCATGTAGTTTTG,AGCATGTAATTTTG,CAAGGGATGTGACAAATTAATCAAACACATAA,0,0,1
Ots_110201-363,A,T,TTTTAAAA+CTGGCATCCA,TTTTTAAACTGGCATCCA,GTTTGGCTATTGAAATTATACATTAAAACATGTAGCT,0,0,1
Ots_crRAD10447-25,C,T,AGCTAGCGCTCCTC,AGCTAGTGCTCCTC,CCGTTGCAGGACTCATCAGT,0,0,1
Ots_U2305-63,T,-,AATGTCATATAGAAATCTAC,AATGTCATAGAAATCTACTG,TGTCATCTCTATTGCAATCTCAGTAGATTTCTAT,2,0,1
Ots_S7-1,T,C,TACAGGAGATAAGGTCGCA,CAGGAGATAGGGTCGCA,TGCCATCATAAACAACCTAACAAGTAACT,0,0,1
Ots_127236-62,T,A,TCTCTTATCTGAGTTCTGC,CTCTTATCTGTGTTCTGC,TGGAGAACTTGCACTGAATGTGAAA,0,0,1
Ots_102414-395,A,G,CACATAGTGTAGCTTTACTAC,CACATAGTGTAGCTCTACTAC,GCCTACTGATAAATGTATGACAGTAATGGA,0,0,1
Ots_96500-180,G,T,AAAACAAATCATTTTTCG,AAAAACAAATAATTTTTCG,CAGGTCTGGTCTACATCGAACAC,0,0,1
Ots_SWS1op-182,T,A,ATGTACTTTAACGATTCATTT,ATGTACTTTAACGTTTCATTT,TCAAAGACATCGAACACAAGAACGA,0,0,1
Ots_124774-477,T,C,CCACCGCCATCTGATA,CACCGCCGTCTGATA,AGTTGTTCTTTTTATATTGTGTTTTTATTCCATTCCA,0,0,1
Ots_117370-471,G,T,ACGGAACAAATAAGACATTT,CGGAACAAATAAGCCATTT,GTTGGCTCCTTCAATTCAATTTGGA,0,0,1
Ots_u07-53.133,C,T,TAACACATGTTGGAGGTC,AACACATGTTAGAGGTC,AGCTAGGCTGTAAATGCAAGGAT,0,0,1
Ots_111084b-619,C,A,TCCATGG[AT]AACGGACAAT,TCCATGG[AT]AACTGACAAT,TTGTGGAATTACACCTTCAGAGTTCAAT,0,0,1
Ots_RAG3,C,T,CTCTACAGTATG,CTCTACAATATG,CATTTCCACGAAAAGCCAGATGAC,0,0,1
Ots_101119-381,T,C,TGCCACATGATAATTGA,CCACATGGTAATTGA,TTTTCTAGGACAGGTTGCTTGCA,0,0,1
Ots_u07-07.161,C,T,ATCAGTGACATAAGTTGTCCA,TCAGTGACATAAATTGTCCA,GTCAACAAATGCAGGTAACATAAATGGT,0,0,1
Ots_108820-336,G,A,ATTGCCCATCTCAGAATA,AATTGCCCATCTTAGAATA,TGAAATAAATTGTTCTGTTGATATGTGAATTTTGGA,0,0,1
Ots_Thio,T,C,CAGTGTATTAGTCATTCTTA,CAGTGTATTAGTCGTTCTTA,TTTTAAAAATGGAGATAAACTCCTGACCTGAA,0,0,1
Ots_P450,T,A,CCCCGAAGTACTTTT,CCCGAAGAACTTTT,TGAGCGAGATTTATCAAACTGTCAAAGA,0,0,1
Ots_crRAD55475-26,T,G,CCATTTTAATTCCA,CCATTTGAATTCCA,TGCAGGGTTGGGGACAATT,0,0,1
Ots_NFYB-147,C,T,TGTTCCAATGTAAAATGTATGC,TTCCAATGTAAAATATATGC,CAGATGATAGCTTCAGTAAGTGGTTCA,0,0,1
Ots_IGF-I.1-76,A,T,CTGCCTAGTTAAATAAAATA,CTGCCTAGTTAAATTAAATA,GGTAGGCCGTCAGTGTAAAATAAGT,0,0,1
Ots_105105-613,C,G,CCGAGCTTGAGTTAGGA,CCGAGCTTGACTTAGGA,AGTACAAGTGCAGAGAATGACATCATG,0,0,1
Ots_u202-161,T,A,AGCTAGTGCTTAGCAGCTA[AC],AGCTAGTGCATAGCAGCTA[AC],CACTTTTGACTTTACATGGAACTTAACTCAT,1.4,0,1
Ots_102801-308,C,A,AGGGACAGTTTCGCAGACG,AAGGGACAGTTTCTCAGACG,TGGGACAGAGGTGGGAATTGA,0,0,1
Ots_myoD-364,T,G,TCATCTTTTGTTATTTCCTTG,ATCTTTTGTTCTTTCCTTG,GTGTGTGTGTGTGTGTGTCATCGT,0.9,0,1
Ots_Hsp90a,G,C,ATTTGACTTGTCTTTTT,ATTTGACTTGTGTTTTT,GTCGTTTTTCATAGAAAATAGCTCACAGTT,0,0,1
Ots_crRAD21115-24,C,T,CACACACATGCACG,CACACATATGCACG,TGCAGGTGGGACTTAAACACA,0,0,1
Ots_crRAD36072-29,T,C,AACCTGTGTGATTT,AACCTGCGTGATTT,TGCAGGACCAACTTTCTCAT,0,0,1
Ots_crRAD24807-74,A,T,ATGATAAT,ATGATATT,TGCAGGAGAGCAGGGTAGA,0.8,0,1
Ots_96899-357R,T,A,CTGAATGTTTTTTTTAATCTTT,CTGAATGTTTTTTTTTATCTTT,TCTCCTGAACTAATTTAGACCTCTGAATGT,0,0,1
Ots_AldoB4-183,T,A,CTGTGTGTCTAAGACAAT,CTGTGTGTCTATGACAAT,TTTGTGCGTAAAGTCAGGTAGTGT,0,0,1
Ots_OTSMTA-SNP1,C,T,AATTGCCTCATTGGGTG,AATTGCCTCATTAGGTG,GCCGAAAAATAAGCGATTAGTGATGA,0,0,1
Ots_NAML12-SNP1,A,G,AAACCATTTTCATTCTTTTG,CCATTTTCACTCTTTTG,TGCCACCTCAGTTTTAGTGTTATATCC,0,0,1
Ots_U2567-104,G,A,GAGACTGTTGAGAC,GAGACTATTGAGAC,CATAGTATAGTGATTCGAGTCTGGAGTCT,0,0,1
Ots_GTH2B-550,C,G,ATAACATCTGCAGCATTAA,ATAACATGTGCAGCATTAA,CACAGGAAGGACGTGTTTTGATG,0,0,1
Ots_crRAD2806-42,C,A,GTTTGGCATAAAGT,GTTTGGAATAAAGT,GCAGGGGCAGACTGAAGG,0,0,1
Ots_MetA,T,A,CCTTAAGCATATTTCT,CCTTAAGCGTATTTCT,GATCATTTATCAAGACTATAGGCTATGGATACG,1.8,0,1
Ots_hsc71-3'-488,C,T,TTTCCAATGGTATAGATATGA,TTTCCAATGATATAGATATGA,TGCATCCATTCATACCTGACCAATT,0,0,1
Ots_Cath_D141,T,C,TGGGAAGCAATCAA,AATTGGGAAGCAGTCAA,CACTTGTTCTGCACACTACTTGTC,0,2,1
Ots_110495-380,G,C,CATAGAC[AG]GGGGCCAT,CATACAC[AG]GGGGCCAT,GCCTAGGTATGTACGAAACTTCACA,1.9,0,1
Ots28_11073102,T,A,ACATTACTTTTCAAAAATATT,ACATTACTTTACAAAAATATT,GGTGAGCCATTCATAACAATCTT,0,0,1
Ots28_11202863,C,A,ATAAAAAATTCTGCGTGAATG,ATAAAAAATTATGCGTGAATG,GAGGATGGATGAGACTTTTCAGAT,0,0,1
Ots7_54212944,T,A,AATATATTTTTTATAGGC,AATATATATTTTATAGGC,AAACCACGGTATCCTTTATTCATC,0,0,1
Ots28_11186543,A,T,AAAGCTGATTAAAAA,AAAGCTGATTTAAAA,GGCTTGCCTTTAGATAGAATCTTG,0,0,1
Ots28_11033282,G,A,TAAAAATGGTTGATATGTA,TAAAAATGATTGATATGTA,GGCTTTCTGATGATCTTGAACTTT,0,0,1
Ots28_11202400,C,T,GACACACTCACGA,GACACACTCATGA,CCCTCCAAAAAGAAAACATTTGAT,0,0,1
Ots28_11062192,C,G,TTCTCAAGTCCTACTCAACTG,TTCTCAAGTCGTACTCAACTG,AGATGATATGGATTTGCTGTGTGT,0,0,1
Ots11_32468959,G,C,GTGATAGTTTGATAGTTTTAT,GTGATAGTTTCATAGTTTTAT,AACACAGATCAAATGTTTTCACAC,0,0,1
Ots18_3417174,A,C,CTGAATCCTGTAAG,CTGCATCCTGTAAG,TGAGGTATTACTTGCTGAGTTTGC,0,0,1
Ots_CHI06027687_143477,G,A,GGAGATAGTCAGGG,GGAAATAGTCAGGG,GCGAGTGTTAAAAGGGTCAAA,0,0,1
Ots_CHI06035945_4547,C,T,CCGCAACAGATC,CTGCAACAGATC,AGCGAGGCTTGCGTTTTACT,0,0,1
Ots_CHI06105101_16717,C,T,CCTCACATACTCCCTT,CCTCATATACTCCCTT,AAGGCCGTGAACATCTGTG,1.8,0,1
Ots_CHI06105101_18523,A,G,GGCGGCTCGGAAAATTATTTT,GGCGGCTCGGGAAATTATTTT,GCGGTGGGATACCTCCTCTA,0,0,1
Ots_CHI06048618_5222,T,G,ATTGTGCTTATCACA,ATTGTGCTTAGCACA,GCAATTACCCATGACTCTGTGA,0,0,1
Ots_nkef-192,C,T,AATAGGCCGACATCAA,AAATAGGCCAACATCAA,CATTTAGCAGACACTCTTATCTTAGTGTCA,0,0,1
Ots17_1486479_C6,G,A,CTGTAGTGACGCCGCAACAC,CTGTAGTGACACCGCAACAC,GTCACGATCAGCAATGAGACAG,0,0,1
Ots_wenYhap_25067_92,A,G,GCATAGTTTGG,GCATGGTTTGG,ATAATGTTTCCTGACATGTTGGTG,0,0,1
Ots_wenYhap_71572,C,T,GCCACACTGTT,GCCATACTGTT,CTAGTCCTGACATGTAGGCTCATC,0,0,1
Ots_113457-40R,C,T,CCCT[AG]TTCTCCAATCCATAT,CCCT[AG]TTCTCTAATCCATATG,CCCAAGTGGTGAGTGTCAGT,0,0,1
Ots_IsoT,T,C,AACCAGTAGAATAACC,CAGTGGAATAACC,GACTCAGGTAAGGAAACATCAATGTCA,0.5,0,1
Ots_RAS1,C,T,CAATCTATCATCGACCAGC,CAATCTATCATCAACCAGC,TCATAAACATGGTGTCTTTCAGTCAGTT,0,0,1
Ots_123921-111,A,G,TGCTAAATGGCATATATTAT,CTAAATGGCACATATTAT,TCGCTAGGCAGAAATATAGGGTTCT,0,0,1
Ots_aspat-196,G,C,CACTCTTTATATCCACACC[GA],CAGTCTTTATATCCACACC[GA],CCTGAACAGGTACACACAAACGA,0,0,1
Ots_zn593-346,A,T,TCTTGCAATCATTTTTAAC,CTTGCAATCATATTTAAC,CTACGCGAGAAATAACACTTTTCAAAACT,0,0,1
Ots_112419-131,A,T,AAGCGACTTGATTATC,AGCGACATGATTATC,GTGGGTAATCGATGCCAAAGAGAT,0,0,1
Ots_ppie-245,C,A,ATGTCTGAAATGAAAGCC,AATGTCTGAAATTAAAGCC,TGTTTTTGGTCATGTATTTTCTCTGCTATTTTT,0,0,1
Ots_104415-88,C,T,TCCTGAAAAACGACATCC,CTGAAAAACAACATCC,CCTGAGCATCCCAGTTGAACT,0,0,1
Ots_104063-132,C,T,CTTTCGTCCTTAGCACATAG,CTTTCGTCCTTAACACATAG,GCGTTACTGGTGTTATAAACGTTAGC,0.5,0,1
Ots_GCSH,C,T,TATCTGGGCGGGCTG,CTATCTGGACGGGCTG,GTTCTTTTTAATGATGACTACAGGTCTTTCAC,0,0,1
Ots_Prl2,A,G,ATGTATTGTTCATTTAATG,TGTATTGTTCGTTTAATG,CCTGGTCTGTTTGTGATCAAGATG,0,0,1
Ots_111681-657,G,T,TAGCGCAAACCCCGAACC,CGCAAACACCGAACC,CTGAGCTTTTTCAACTTACTTGTTGGA,0,0,1
Ots_u07-17.135,A,G,AAAATGTACCACATACTTGT,AAATGTACCACATACTCGT,CTCGCCTCTGTCATTGTATTACCTT,0,0,1
Ots_106313-729,A,G,AAGAGTCCAGCGTTACTT,AAGAGTCCAGTGTTACTT,TTGTTCAATGGGCATTAATGCATGTT,0,0,1
Ots_107285-93,T,A,AAGTAACGTATCAAATGGC,AAAGTAACGTATCATATGGC,GCCCTTGTGACAATGCACTGTTATA,0,0,1
Ots_u4-92,T,C,CTGTGTTGAATTTAACATAAT,TCTGTGTTGAATTTAACGTAAT,ATCCAAGGAGCCCCATTAAAGATTT,0,0,1
Ots_PEMT,C,T,TGC[AT]TTGCTAAGACTTG,TGC[AT]TTGTTAAGACTTG,AGAGCATTCAATTTAAAAGCTGAAAACGA,0,0,1
Ots_127760-569,C,T,CCGGTTTACCGATTTG,CGGTTTACCAATTTG,CTGCTGGCGCAGACATG,0,0,1
Ots_CD59-2,G,A,CTAAAATGTCATGTAAATAT,ACTAAAATGTCATATAAATAT,CATGTTACCCAGCTAAAAGTCTATAGCA,0.5,0,1
Ots_FARSLA-220,G,A,CCTTGGATGGGA,CCTTGGATAGGA,GTTCGTGGGATTGTTCAATGTTCAT,0,0,1
Ots_mapK-3'-309,T,G,ATGCTATTAAATGAATATTC,ATGCTATTAAATGACTATTC,GGCCACTGTCATAGAATTAGGCATT,0,0,1
Ots_crRAD76512-28,A,T,TAAAAAAATATAAA,TAAAAATATATAAA,GCAGGGACAGGGCCCT,0.3,0,1
Ots_96222-525,C,T,TGTAGCTAATTTTAAGTTCTC,AGCTAATTTTAAATTCTC,GCTCTTGCCCATCTGTAGGAT,0,0,1
Ots_cox1-241,C,T,CACTACGGTAAGACCAT,CACTACAGTAAGACCAT,CACTGAACTGTAAGCCATTGTGATT,0,0,1
Ots_u07-18.378,A,T,ATATGGTATGTAGAGGCTAGTTA,TATGTAGAGGCAAGTTA,GGAAACCAGCTAGGATTCAGGAA,0,0,1
Ots_HMGB1-73,G,T,ACTGTATATGTTACGTTTTC,ACTGTATATGTTAAGTTTTC,TGCTTCAGTGAAAATAAGCGTGAGA,0,0,1
Ots_parp3-286,A,G,AGTTACAAGTGGTGTTTCA,ACAAGTGGCGTTTCA,AGTCAGTGTTGGTGTAGTGAAGAGA,0,0,1
Ots_LWSop-638,T,C,TTTAACAAGAAAATTATACATTTC,CAAGAAAGTTATACATTTC,CAATTACTCTTTCTCAGCCCTGTGT,0,0,1
Ots_unk7936-50,C,G,AGACATGTAGCTATGTAGGTAA,AGACATGTAGCTATCTAGGTAA,ATGGGTTGGGATTATGGTTCATTGT,0,0,1
Ots_115987-325,T,G,ATGCATAAAAGGTAATTGTG,ATGCATAAAAGGTCATTGTG,GGAGGTGTAGTGAAATGGGAAGAT,0,0,1
Ots_crRAD12037-39,A,G,CATTCAAAAAGTAT,CATTCAGAAAGTAT,TGCAGGAACTTGCTATGCT,0,0,1
Ots_GST-207,G,A,ATGAGAGAGTCTTTCTCTGTT,ATGAGAGAGTCTTTTTCTGTT,GGAGAACATGCATCACCATTCAAG,0,0,1
Ots_ntl-255,T,A,ATTCTTCCTC[TC]ACAATTG,ATACTTCCTC[TC]ACAATTG,TGCAGTTACAAGCCTAAGACAATCT,0,0,1
Ots_128757-61R,A,-,TTGTGCATTTTCCCC,TGTGCATTTCCCCC,CGTGTCCGGCTTCTTTTATTTCATT,0,0,1
Ots_94903-99R,G,T,CAAACCAGCAAACAT,ACAAACCAGAAAACAT,CCGTCTGAGTAGGAGGATCAATACA,0,0,1
Ots_crRAD27164-55,A,T,AATTTGAATGACCA,AATTTGTATGACCA,GGAGGCTCTACGTAGGCCT,0,0,1
Ots_108390-329,G,C,CTACTTATGTAGCATTTTAA,CTACTTATGTAGGATTTTAA,GAGGTTTGTTACTGTCACCCATAGA,0,0,1
Ots_crRAD26165-69,C,T,CTCT[GA]CCCCTGGAC,CTCT[GA]CTCCTGGAC,GGGCCACGGGGTTGTAAA,0,0,1
Ots_trnau1ap-86,G,T,AATCCCTCCTTTTTCC,TCCCTCATTTTTCC,GGACAAGTTGAAACAGATCAGGAAGT,0,0,1
Ots_crRAD66330-60,G,T,AGAGAGGGGTCAAA,AGAGAGTGGTCAAA,ACTCTCCCAGAAGGATTCAGAGA,0,0,1
Ots_crRAD74766-28,G,A,AGACTGGTAAAAG[AT],AGACTGATAAAAG[AT],GCTGACCACCGACCACAG,0,0,1
Ots_SL,A,G,TCAAAGATATGATTCAATTAA,AAGATATGGTTCAATTAA,AATATTGGCTTTCTGAGAATGCATTTGG,0,0,1
Ots_ETIF1A,A,C,CAACTGAAGAAAATAATATG,CTGAAGAAAAGAATATG,TCTGAACTCACCAAAGGAACACTTG,0,0,1
Ots_105407-117,T,A,CAGGTTAGGAATGGTTG,CAGGTTAGGATTGGTTG,TGTGTACATCCGCGTAAATATTGAAGATAA,0,0.2,1
Ots_FGF6B_1,A,C,CCTGTTATCAGACCCAAAT,CTGTTATCAGCCCCAAAT,GAGACAAAGGTTTGCAGGTTCATG,0,0,1
Ots_u211-85,C,T,TCCCAAAGTCGAGTGTG,CCCAAAGTCAAGTGTG,TGGTGAGAGCAGCTTTAAATGTCTT,0,0,1
Ots_crRAD25367-50,T,G,GTATATTTAGAATG,GTATATGTAGAATG,ACTGCAGGCGTCATGCTT,0,0,1
Ots_131802-393,C,T,TGTTCGAGAATGAAGATGAGTAA,TCGAGAATGAAGGTGAGTAA,TGATTGTCTCATGGCCAATTGTCA,0,0,1
Ots_99550-204,C,T,AAGGCTTTGGTTGTTTG,AAGGCTTTGATTGTTTG,TGACAGATTTCACCTTTAACTAGCTAAGC,0,0,1
Ots_crRAD18289-33,T,C,GAATGGTGTTAAAT,GAATGGCGTTAAAT,GCAGGGAAAACTGGTCAGGA,0,0,1
Ots_hnRNPL-533,A,T,CATTTACCAGTTCTCACACAC,TTTACCAGTTCACACACAC,TCTTTGATATTGAGCTCATAAAAGCAAGGT,0,0,1
Ots_95442b-204,A,T,TGGTTCCCCAAATTT,TGATGGTTCCCCTAATTT,GTCTCTCTCTCTTTGCATCATTACACT,0,0,1
Ots_118175-479,C,T,AGAATGAAGTGAAAAGAA,AGAATGAAGTAAAAAGAA,TGCGCGTCTCATTCAACCAT,0,0,1
Ots_mapKpr-151,A,T,CGTATGTGCAATGCATG,CGTATGTGCATTGCATG,TGTTGTCTCGGACTGCATGAC,0,0,1
Ots_u1008-108,T,A,TTGGTAAACCTGTTTATTGGTA,TGGTAAACCTGTTTTTTGGTA,GGATGACTCCTACTAATAGACGGATGT,0,0,1
Ots_pop5-96,T,C,TTCTGTTACTGGAC,CTGTTACTGGGC,CTCTTGCTACTTGCAGTGTATCTCA,0,0,1
Ots_128302-57,C,T,CCTGCAATACGACCAAC,CTGCAATACAACCAAC,GGTTGCAGGGCAGAACTGT,0,0,1
Ots_131460-584,T,C,CTATCAAAGCAATACATTG,CTATCAAAGCAGTACATTG,CCTATTTTTGATAGGTCATAGTGAATGGGATAG,0,0,1
Ots_crRAD57687-34,T,G,ACAAATTAATTAAA,ACAAATGAATTAAA,TGCAGGGACGGGGCT,0,0.7,1
Ots_CirpA,C,T,CAGTTCTGTAATGCATT,CAGTTTTGTAATGCATT,GCTGTGATTGTGCTCTAAAGACATG,0,0,1
Ots_crRAD255-59,T,C,AACTGTTCAAACCC,AACTGTCCAAACCC,TGCAGGAGCTGTGATGGG,0,0,1
Ots_crRAD46751-42,C,T,TTTCTACTTAGTAA,TTTCTATTTAGTAA,CAGGAACCTGCTTTAATGCTCT,0,0,1
Ots_txnip-321,T,C,TCTGGCGGATTTACA,CTGGCGGGTTTACA,CCTTCAAACTAACACATCATAGACATGCTT,0,0,1
Ots_crRAD60614-46,G,T,AAGATGGTATGTAT,AAGATGTTATGTAT,TGCCGTGAGAAACTGGTCA,0,0,1
Ots_101704-143,T,G,CTTAGACGTCAGAGGTC,CTTAGACGTCCGAGGTC,ACTTCTTGAGCCAATCGGATGATG,0,0,1
Ots_GDH-81x,C,-,TGTTACGGGACATACT,TCTGTTACGGACATACT,CTTTTCTGAATTAGTGCTGTGCTTGT,0,0,1
Ots_crRAD11620-55,C,T,AGAAGCCCAGCTCC,AGAAGCTCAGCTCC,TGGGATAGAACAGGAGCTTAAACA,0,0,1
Ots_117242-136,A,G,CAGCACATAACTTGACCTC,AGCACATAACCTGACCTC,GTGACAGGAGACAGAAAGAGACATT,0,0,1
Ots_U2362-330,A,G,ACTGGGAAGATTGTTTG,CTGGGAAGACTGTTTG,AATGGGTAACAAAGAAATAGCTAGCTACTT,0,0,1
Ots_P450-288,A,G,CTATAAAGTTGGACAGTTGG,AAAGTTGGGCAGTTGG,ATGTCAATATATTTCACTATAATGATTGGAAGCCA,0,0,1
Ots_AsnRS-60,T,C,TGAGTCCCTGACCAGC,AGTCCCCGACCAGC,CCGACGCCTCACTGAGT,0,0,1
Ots_130720-99,A,G,CCTGTCTCATTCCC,CTGTCCCATTCCC,CGGTCATTGTAAATGTCAACGGTTT,0,0,1
Ots_u07-49.290,G,A,CTTTCCCCGTGTTGGT,ACTTTCCCTGTGTTGGT,GCTGAGGAAGGATTCTGTATTTGCT,0,0,1
Ots_106499-70,C,G,CATTTTTCAGAATTGTATTC,CATTTTTCAGAATTCTATTC,ACTCTATCATCGGCAGGACCAT,0,0,1
Ots_128693-461,C,T,CTGGTACCCA,CTGATACCCA,TCAATGTTCATCAATGCACTTCCTGTA,0,0,1
Ots_EP-529,A,G,CAGTGTCATTTTCGGC,ATCAGTGTCATCTTCGGC,GCCCTGCCTGCAACTTC,0,0,1
Ots_tpx2-125,C,T,CAGGCGGTTCTCC,CAGGCAGTTCTCC,TGTTGTAATCTTTCTGAATATTTGCTTGCTT,0,0,1
Ots_nelfd-163,A,G,ACCCACCAGTGTCATT,CCACCAGCGTCATT,CTCACTGCAAATCCAACTTCATCAT,0,0,1
Ots_OTDESMIN19-SNP1,C,A,CCAGTCATGGGTCATT,TCCAGTCATTGGTCATT,GGTCTGTCTGTCTGTCTATCTGTCAATG,0,0,1
Ots_crRAD92420-25,G,T,CAATCGGAAGTCGG,CAATCGTAAGTCGG,AGTGCAGGTCTCCAGATTTACA,0,0,1
Ots_110551-64,C,A,ACGCTCGGAACATT,ACGCTCTGAACATT,GAGTGGTCAAGGTTTCAGTTTCTG,0,0,1
Ots_97660-56,A,T,ACGAGACAGATATTC,ACGAGACTGATATTC,TTCCCTAATCTGACGTACTACCAACT,0,0,1
Ots_U2446-123,C,A,CTGCAACTCGACGCAAG,ACTGCAACTCTACGCAAG,CTGGTCTGTGACGTCAAAATGATG,0,0,1
Ots_107607-315,A,C,ATGGGAGACAGATAACT,ATGGGAGACATATAACT,GTGATGAGAGGTTTCCGGAAAATCT,0,0,1
Ots_102457-132,A,G,TGGGGCAACGCACAATTGGCT,TGGGGCGACGCACAATTGGCT,CCAGCAGAGACTGGGTTCAC,0,0,1
Ots_TGFB,C,T,AGCCTAGCTCTCGGAAG,AGCCTAGTTCTCGGAAG,GCCTCACATTTTACTGATGTCACTTC,0,0,1
Ots_unk1832-39,C,T,CACCACTAGAACTCTC,CACCACTAAAACTCTC,GAAACGTCTATGCTGTCCCCTTTAA,0,0,1
Ots_redd1-187,A,G,ATTCTGACAGCTGTTTTG,CTGACAGCCGTTTTG,TTCTGGGTTGCCATACTCTTTCAAT,0,0,1
Ots_100884-287,T,C,ATAGAACTACAATTCACATATAT,AACTACAATTCGCATATAT,CGGAAGACCAGATTCTCCAAGAGTA,0,0,1
Ots_CRB211,A,C,CTACCGTACTGAACTC,CCGTACGGAACTC,CAACGCGGGAATGGCTTTTAA,0,0,1
Ots_105401-325,G,T,CCCGGACAAGATGAGACAG,CCCGGACAAGATGAGACCG,GAACTGAGCGGCTGCTG,0,0,1
Ots_u1007-124,A,G,TGTCCTGTCCTCAGATCA,TCCTGTCCCCAGATCA,CGAAATAAGGGCCTGGTGTTTAAAA,0,0,1
Ots_Ots311-101x,A,-,CTGAGATCACTTTGAGCAC,ACTGAGATCACTGAGCAC,AAATGAGGCCGTCCTTTACACT,0,0,1
Ots_crRAD75581-70,A,G,GAACTTAAAACACT,GAACTTGAAACACT,ACACATGGCTCGTCTGCA,0,0,1
Ots_113242-216,C,T,ATTACCAACGGAGAACC,TTACCAACAGAGAACC,GAGGCCTAATGTCTCTTGTGACT,0,0,1
Ots_crRAD20376-66,G,A,GGGA[TA]GGAGTATTT,GGGA[TA]GAAGTATTT,GGGAGGCAGGCAAAAGGT,0,0,1
Ots_OTALDBINT1-SNP1,T,C,CTACTGTTGTATTTTCTC,CTGTTGTGTTTTCTC,CGCTGGGCATGGATGAGT,0,0,1
Ots_CD63,A,C,AGATCATGGGAATCATAT,ATCATGGGCATCATAT,TGCATGTTTTCTAACTGTGTTTTTGTGT,0,0,1
Ots_vatf-251,G,-,AGACCACAAGATACAGTACC,AGACCACAAGATAGTACC,CTTTTCGGGTTATTCATGCTGTTGT,0,0,1
Ots_PGK-54,T,A,CCACCATCAAGCACTG,CCACCATCATGCACTG,CTCATACTTTGTACCTGTGTGTTCCA,0,0,1
Ots_SClkF2R2-135,A,T,ATTCAAAGTCAAATTTT,ATTCAAAGTCTAATTTT,CCAAATACAGACCAGCTACTTGTGT,0,0,1
Ots_TCTA-58,C,T,CTGCCATGAAGTGCTAG,TGCCATGAAATGCTAG,ACCAGTACCTAAACGTTAGAAAGCAA,0,0,1
Ots_110381-164,A,G,ATTTGCGTCTTCTCCC,TTGCGTCCTCTCCC,CTCTTGTTTGCTATGGGAGATGTAGT,0,0,1
Ots_hsp27b-150,G,A,[CT]GATCTGGACCAGGCT,[CT]GATTTGGACCAGGCT,TAGGAGTTGGAAAGACTGCACA,0,0,1
Ots_crRAD61523-71,A,G,CAGAGCATGTGCTG,CAGAGCGTGTGCTG,GCCAAGTGATCAAGTGCTTGT,0.2,0,1
Ots_Ikaros-250,G,A,ACAGAAGATTTTCGGCTGC,ACAGAAGATTTTCGACTGC,GAGGCTGACTTGGACTTTGC,0,0,1
Ots_108007-208,A,T,CAGTTTCACTTAATTTTAAAATG,TTTCACTTAATTTAAAAATG,CAGGCTTGTGTTAAGTAGGGAGAAA,0,0,1
Ots_112820-284,C,T,ACTCACACTCGAGTGACT,ACTCACACTCAAGTGACT,CATAGATGTTTATATGAAAAACCTCCCACTGT,0,0,1
Ots_118938-325,C,T,AGAGATGCAAAGTGGAGTT,AGAGATGCAAAATGGAGTT,ATTTTCAAACAGGCATTTATCATTGGTGAA,0,0,1
Ots_107074-284,A,T,ACCGTAGCTGCACCTG,CGTAGCAGCACCTG,CCCACTTCCAGAGCCTGAA,0,0,1
Ots_106419b-618,G,T,CAATGATTAATGATTAATCCTTC,TGATTAATGATTCATCCTTC,CAAGGGCACATTGGCAGATTTT,0,0,1
Ots_OTSTF1-SNP1,G,T,CCGCCACCTTGGCT,CGCCACATTGGCT,CGGACAAAGAGCTACAGAAATGC,0,0,1
Ots_DDX5-171,C,T,TTCATAATTGAACGATTTCA,CATAATTGAACAATTTCA,ATGACCAATTGAAGAGTTCTTCCGT,0,0,1
Ots_Est740,T,C,TCTGGATGGAACCGTTAG,CTGGATGGAGCCGTTAG,GGACTCGTGCTTGAGGAAGATG,0,0,1
Ots_MHC2,T,G,CTGGAGCGTTTCTGTA,CTGGAGCGTGTCTGTA,GTCCTCAGCTGGGTCAAGAG,0.5,0,1
Ots_129144-472,C,A,TGGGTCTCGAGCCTGTA,TGGGTCTCGATCCTGTA,CTGTTAGTGCAGAAGACGTAGCT,0,0,1
Ots_nramp-321,G,A,AAC[GT]GGCATGAACGACTT,AAC[GT]GGCATGAATGACTT,GGCCATCTTTCAGGACGTACAG,0,0,1
Ots_E2-275,A,G,CCCCCATATTGCTG,CCCCACATTGCTG,GGTGCCACTTTAGTATAGCTGCTTA,0,0,1
Ots_BMP2-SNP1,C,T,CCCACTTCGCTGAAGT,CCCACTTCACTGAAGT,ACTGCCACAGACACGAACTC,0,0,1
Ots_105132-200,G,T,CAAGAGTGGCATAAAA,CAAGAGTGGAATAAAA,CGATGTACTGAGGGCAGTGT,0,0,1
Ots_TLR3,C,T,CTGTGGTTTGTGGCGTG,CTGTGGTTTGTAGCGTG,TGCACCTGCGAGAGCAT,0,0,1
Ots_stk6-516,C,A,AACATAACGGACTCCC,TAGAACATAACTGACTCCC,TGTGTTTAGGATTGAACTGACCATGTT,0,0,1
Ots_117259-271,T,G,CTCTCCTGATCACTCTGT,CTCTCCTGATCCCTCTGT,ACACCCACTTCAACCTCCATAAC,0,0,1
Ots_crRAD16540-50,C,T,ATTAAACGT[CA]TGGA,ATTAAATGT[CA]TGGA,TGTGTATTCGTCGACCGGA,0,0,1
Ots_112876-371,C,A,CATCACAACGATGTGTG,CACATCACAACTATGTGTG,GCCTACAGCAAATTCAGCTACACAT,0,0,1
Ots_crRAD23631-48,G,A,GGGCTTGGGGGCAT,GGGCTTAGGGGCAT,GCCATATCCCGGGGCTTG,0,0,1
Ots_117432-409,A,G,TTTAGACTTTGCTCTATAACAG,ACTTTGCTCCATAACAG,TCATCAAAACATGCCTCTTCTGTGT,0,0,1
Ots_GST-375,C,T,TTTCTTGTAGGCGTCAGAG,TCTTGTAGGCATCAGAG,CAGCCCGTCCCAAAATCAAG,0,0,1
Ots_crRAD18937-60,G,A,CTCCTCAGGTGGGC,CTCCTCAAGTGGGC,GGCACAGCGACAGGAGTT,0,0,1
Ots_112301-43,T,C,CGTCGCATTCAGC,CGTCGCGTTCAGC,GCATGGCTGCCCTAGAACA,0,0,1
Ots_109525-816,C,T,CATGAGGCGTTCGGC,ATGAGGCATTCGGC,GCCAGATAGTAGCGTACATCATGAG,0,0,1
Ots_94857-232R,T,C,CAGGATAATAACAAACAAG,CAGGATAATAACGAACAAG,GGCACTCTCCCTGGCTAGA,0,0,1
Ots_u07-64.221,G,C,ATCGACCCTGTCATTAG,CGACCCTGTGATTAG,GAGGATGACACTGTCCGTTTGT,0,0,1
Ots_crRAD46081-56,C,T,GCACCACTGGACCC,GCACCATTGGACCC,GCAGGGTCTGTGTGGGTT,0,0,1
Ots_crRAD13725-51,C,A,GAGGCCCCAGATTC,GAGGCCACAGATTC,TGCAGGAGGAGGAAGGCA,0,0,1
Ots_110064-383,C,T,CTACGTAATGAACGTTAGCT,ACGTAATGAACATTAGCT,AACAAAGAATGTTAAACACCAAACAGGAA,0,0,1
Ots_crRAD20887-70,G,A,GAACTCGTCGTTGG,GAACTCATCGTTGG,CTGCTTGTAGCCGTTCAGC,0,0,1
Ots_123048-521,A,C,TCACATCCAACTCAGTACT,CATCCAACGCAGTACT,CTCAACAGTGCACCTCCCTTAATT,0,0,1
Ots_crRAD69327-53,G,T,ATAGGAGAATTGGA,ATAGGATAATTGGA,GCCATTTGACCAACGGAGC,0,0,1
Ots_RAD4543-52,T,C,TACATATGACTAATGAAA,TACATACGACTAATGAAA,TCTTTGGACTGTGTATACCAGGTGTA,0,0,1
Ots_HSP90B-100,C,T,TCTATGGTGTGATTCATT,TTCTATGGTGTAATTCATT,CACCTTAGTTCCACGCAACATG,0,0,1
Ots_U212-158,G,A,CTGGAAGAAGGCCTC,CTGGAAAAAGGCCTC,CCCCATATGAGACGCTACAGTAATG,1.5,0,1
Ots_crRAD57520-66,T,G,TTTTTGTTCAAAAG,TTTTTGGTCAAAAG,ACAGAGCTGTGTCTACCAGA,0,0,1
Ots9_28975221,A,T,TTTGCCAAAGAGTTCAGATAC,TTTGCCAAAGTGTTCAGATAC,GCCTGCCCTACTTATCTCTTATCA,0,0,1
Ots18_3541813,T,C,CTACCTACCTTAGTGCTC,CTACCTACCTCAGTGCTC,CCCCAAAAACATCAAGAAGTCTAA,0,0,1
Ots28_11025336,A,C,CAATGAAGTTAATTTAATTGG,CAATGAAGTTCATTTAATTGG,TGCAATATAGAACAAATCCGAAAA,0,0,1
Ots11_11925999,G,T,CATTTAAAATGGTAAAAATCA,CATTTAAAATTGTAAAAATCA,TTTATATTCAGACATTCGCCAAAA,0,0,1
Ots28_11095755,A,T,AGAGTTGAATGGC,AGTGTTGAATGGC,CCAATGGTGATTTTAGAACCATTAC,0,0,1
Ots28_11077576,A,G,GAAGGCCAAATAAAATTG,GAAGGCCGAATAAAATTG,TGTGCGGAATTACTGATAATTGAC,0,0,1
Ots18_30099101,C,T,ATTGCATACTCGAGTCATCCA,ATTGCATACTTGAGTCATCCA,CAAATGTAAGGATACGCTTGAATG,0,0,1
Ots7_53631522,A,G,TGAGTTTTCAAGGGGTT,TGAGTTTTCAGGGGGTT,CTTATCTCAAAGGAATGGGAATGA,0,0,1
Ots7_53291035,G,A,GCTAGCAAACGTCGCCA,GCTAGCAAACATCGCCA,TCAAATTGAATGTAGACAGATGGAA,0,0,1
Ots1_72858599,A,G,GGTGGAGGGAAAAAGCAGTG,GGTGGAGGGGAAAAGCAGTG,AACCATTGTTCTTGTATTCCTGCT,0,0,1
Ots7_51409415,T,C,TGGTCTACTTTGTGC,TGGTCTACTTCGTGC,ACAACTAGTCATCGTGGAATCTGA,0,0,1
Ots2_42405643,G,T,CAGGTTGTTGGTTGTT,CAGGTTGTTGTTTGTT,GAGAGAGTGCATTCTTCATCAAGTT,0,0,1
Ots12_23066874,A,G,TCCCCACCAAAATTAAGCAAA,TCCCCACCAAGATTAAGCAAA,CTCTTTCAGTTGTCTTTGCTCTTG,0,0,1
Ots15_18157381,C,T,CCCTGGAGATCT,CTCTGGAGATCT,TCTCAATGTGATTGAAATGGATGT,0,0,1
Ots18_32088284,T,C,ATGTTACATGTA,ACGTTACATGTA,CATGAGACACCCTGGAGAAAA,0,0,1
Ots5_44795073,C,T,TTTTTGTGTCCGCCATGAATT,TTTTTGTGTCTGCCATGAATT,GCACTGTATACAAAATCGTGTGGT,0,0,1
Ots28_11202190,T,C,CAAAAGTCTGTATTTTCAAAA,CAAAAGTCTGCATTTTCAAAA,GCTAAATGTAAATCGAGTGGCTGT,0,0,1
Ots28_11077172,G,A,ACACACACAAGAGACACCCAC,ACACACACAAAAGACACCCAC,GTTTTGCCAGAGAGAATGTACAAA,0,0.4,1
Ots6_33505144,T,A,AACATATGAGTTGTAATGCCC,AACATATGAGATGTAATGCCC,CCCACCATACAATAAAGGCATGT,0,0,1
Ots33_19359879,T,C,AAATAAACGCTGGGTCTAATT,AAATAAACGCCGGGTCTAATT,AGCGCCTGTTTTACATAAACACTT,0,0,1
Ots2_38264269,A,C,TCCCTTGTCTATGGTATATCT,TCCCTTGTCTCTGGTATATCT,GTATGAGTTGTGTGGTTGCAATGT,0,0,1
Ots17_885364,C,A,TAGCCTTAAGCGCTTCCTGCC,TAGCCTTAAGAGCTTCCTGCC,GTAAAGAAACATGACCTTTTCTGAG,0,0,1
Ots28_11160599,G,T,CTCTCTGCTTGCGTT,CTCTCTGCTTTCGTT,GTGCATATTTTACGTGGTTGAAGT,0,0,1
Ots28_11205993,C,T,GCTATTAAAAGG,GTTATTAAAAGG,GCTGCTATTTCCGACCTTACAATA,0,0,1
Ots10_21244146,A,C,CCATTATCATTAT,CCCTTATCATTAT,CTTCCAGGAGGTATTGTTGGTTAT,0,0,1
Ots4_64978818,C,A,TCAAGTGTTTCCTTTATTTTG,TCAAGTGTTTACTTTATTTTG,AGAACCCATGCTTTCAGTACACTT,0,0,1
Ots18_29943476,A,G,GCCTGACTGGACAACCATTTG,GCCTGACTGGGCAACCATTTG,GTTCATTTTGAAATAACTGCATCG,0,0,1
Ots6_10904949,C,T,CCTTTGTCACCGCTCATCAGC,CCTTTGTCACTGCTCATCAGC,AAATCACCCCATTTCTTTTGTG,0,0,1
Ots18_3426299,T,A,AATGCCATTTTGT,AAAGCCATTTTGT,TTATTTTGGGCTTCATATGGTTCT,0,0,1
Ots7_50997124,G,T,GGGCCTTCGGGGTGCCTGTCC,GGGCCTTCGGTGTGCCTGTCC,AGATCAAGCTTGCTGACTTCG,0,0,1
Ots30_17330452,G,C,CATGTCAGTGC,CATGTCACTGC,CACAAATGTGACCGTTTTCATC,0,0,1
Ots3_34894254,T,C,TAACTTACAGTC,TAACTTACAGCC,TGATATATTTTGCTGCAATGATCTG,0,0,1
Ots22_32650802,G,A,GGGAGAGGAGGCCTGTCTTTA,GGGAGAGGAGACCTGTCTTTA,AAGGAGCAGGAGATGTTATTGAAG,0,0,1
Ots30_17330688,T,C,TGTGTCTGAGA,TGTGTCCGAGA,CTGACAAAAGTGATCTGCCTGA,0,0,1
Ots28_11075712,C,T,GAAAACTCTGCCCTG,GAAAACTCTGTCCTG,GCTTAAACAGCTGCTATTAGGACA,0,0,1
Ots28_11072994,C,T,CCATATGTCGCTTGT,CCATATGTCGTTTGT,GGGAGACTTAAAACAACCTCAAAA,0,0,1
Ots28_11164637,C,A,CTGGCGGGGTCTGGG,CTGGCGGGGTATGGG,TGATTTGACTTTTTGTGGTGTTTT,0,0,1
Ots4_40942276,G,A,GGAGTCAGATAC,GAAGTCAGATAC,ATTAGTGCATATGAATCGGGCTAT,0,0,1
Ots29_23344676,T,C,TGCAAGTCCTTCAAAGGCTCA,TGCAAGTCCTCCAAAGGCTCA,GAACTATCCTGACTCCCATTGAAA,0,0,1
Ots9_16115048,G,A,CCAGTGAGATGCTGTGTTGCA,CCAGTGAGATACTGTGTTGCA,ATAGAGCTTTTGGTGTTTCATTCC,0,0,1
Ots28_11201129,T,G,ACTGAAGGAATTTAAC,ACTGAAGGAAGTTAAC,TGCGAGATTTATCTACTTGTCCAG,0,0,1
Ots28_11073668,T,A,TACAGTTTCCTGTCTGA,TACAGTTTCCAGTCTGA,CCTAAGAGGAGACGAGCATTACAG,0,0,1
Ots28_11023212,A,G,AACGTGACACAAT,AACGTGACACGAT,AGAAAGCCATCATCATGAGACC,0,0,1
Ots_unk526,A,G,CAACATTCCAGTCTGAAAC,CATTCCAGCCTGAAAC,TCAAGACTGTGCTGTAGTTGTCTAC,0,0,1
Ots_crRAD44588-67,C,T,GTGA[AG]CCAATCAAT,GTGA[AG]CTAATCAAT,CGCAAGTCAGCAGGGTGA,0,0,1
Ots28_11077016,C,T,GTCAAACCAACTTTGCCAAGG,GTCAAACCAATTTTGCCAAGG,AAAATATGTGCAACATCCAATGTC,0,0,1
Ots14_5453033,G,A,TCTCTAAAAAGGTACAGTATA,TCTCTAAAAAAGTACAGTATA,ATTATTCAAACAGAGATGGCGAAA,0,0,1
Ots_u07-57.120,A,T,GTGACAAGGTAGGGGTTG,GTGACATGGTAGGGGTTG,GGTTTGAGCCAATCAGTTGTGTT,0,0,1
Ots_131906-141,A,T,CACGGTTTACACTCCTATTA,ACGGTTTACACTCCAATTA,GGCTCGAACCACCCAGTTTA,0,0,1
Ots_103122-180,T,C,CATCAACACAATCTGC,CATCAACACGATCTGC,CAAACGCGCACTCACACACA,0,0,1
Ots_U5121-34,A,G,AGGGTCTCATGCTCCCT,AGGGTCTCGTGCTCCCT,CCAGAGGTTAGATGGCCCTTT,0,0,1
Ots_97077-179R,G,T,TCACAAATGTATCCTAAAGC,CACAAATGTATACTAAAGC,CCTGAACAAATACTTAACGCTCCAGTT,0,0,1
Ots_NOD1,C,G,CCAACGGCGACTTG,CCAACGCCGACTTG,GTGCTGCAGGAACCATGTG,0,0,1
Ots_RFC2-558,A,-,TGCATGTAACAAATAACAT,TGCATGTAACATAACAT,AAGGTCTACTCCGGTTGTATTCGGT,0,0,1
Ots_slc7a2-71,G,T,GTCTCTGACGGTGTGCTTTC,GTCTCTGACTGTGTGCTTTC,CCATTCCCATCGGCATCGT,0,0,1
Ots_crRAD60620-51,A,G,GTACGGAAAAAACA,GTACGGGAAAAACA,CAGGCAGTCACTGAGTCCG,0,0,1
Ots_crRAD20262-46,A,G,GGTTACA[TC]CCCAAA,GGTTACG[TC]CCCAAA,CCTCTGCTGAGTTTGAGGGG,0,0,1
Ots_HFABP-34,C,T,TCGAACTCCGCTCCTAG,TCGAACTCCACTCCTAG,CAAGAACACCGAGATCTCCTTCA,0,0,1
Ots_unk1104-38,C,T,CCACTAAGGATTACGTTACG,CACTAAGGATTACATTACG,TAACCATGACTTCTATCAATCACCCC,0,0,1
Ots_ARNT,G,T,TACAGATGTCATTTTAC,CTACAGATGTAATTTTAC,CCACTGGCTGTGGAGCTT,2.2,0,1
Ots_U5049-250,G,T,TGGAATGGGTAAGGTGTA,TGGAATGTGTAAGGTGTA,CAATGTCTAAAGTAATGGTGGTATTCTTGC,0,0,1
Ots_EndoRB1-486,G,A,TCCTTCTCACGCTTCT,CTCCTTCTCATGCTTCT,CCTTTGGGTCTGCTTGAGGTT,0,0,1
Ots_106747-239,C,A,CCCGCGGTGAGTAT,CCCGCTGTGAGTAT,ATCGAGGATGCCTCAAAGACATC,0,0,1
Ots_105385-421,A,G,CCTCCTGGGTATATCG,CTCCTGGGCATATCG,GACTGTCTTGGAACCGTTGCTA,0,0,1
Ots_129458-451,T,C,CATCTGGCAATGCCTT,CATCTGGCAGTGCCTT,TGGGACCCACATAAAGCAACTG,0,0,1
Ots_crRAD27515-69,T,A,GCATTTTAAAAATC,GCATTTAAAAAATC,CAGATGGTGCAGGCCGAA,0,0,1
Ots_Ostm1,C,G,CCGTGGTATTGTTTCAA,CCGTGGTATTCTTTCAA,CCAGCCCCGTAACACACAT,0,0,1
Ots_122414-56,C,T,TGTATGACCTCTGACCTGT,TGTATGACCTCTAACCTGT,GCACCGTATCAACGAGCTCAT,0,0,1
Ots_Myc-366,T,C,TCTCTGCTCATCTGTC,CTCTGCTCGTCTGTC,CCTTAGCTGCTCTTTGAAGTTGACT,0,0,1
Ots_GPH-318,C,T,ATCAAGCTGACGAACCA,CAAGCTGACAAACCA,GGTGATAACAGGTGTTGCACCAA,0,0,1
Ots_GH2,A,T,TGACTCTCAGCA[TA]CTG,TGACTCTCTGCA[TA]CTG,GCGTACTGAGCCTGGATGACA,1.8,0,1
Ots_IL11,T,C,AGCTCCATGCGGACT,AGCTCCACGCGGACT,CCTCCAGATGAGACCCACTCT,0,0,1
Ots_120950-417,A,T,CTGGACCAGAACTCTGA,CTGGACCAGATCTCTGA,CAGACAGGTCACCATCACACT,0,0,1
Ots_crRAD34397-33,C,G,AA[GA]GTGCCTTCCCC,AA[GA]GTGGCTTCCCC,TGCCTAAACACTCCCAAGGT,0.4,0,1
Ots_sept9-78,G,A,CTCTTCGATGTCTAGACA,CTCTTCAATGTCTAGACA,GTCGATTACCGTTAGCTTCATCCT,0,0,1
Ots_crRAD73823-60,T,A,GCACGATG[CT]AGAAC,GCACGAAG[CT]AGAAC,GCAGGAAGCAAAGTTCGGTG,0,0,1
Ots_crRAD33491-71,C,T,GAGAGCCGAGCTTT,GAGAGCTGAGCTTT,CAGTTCGCTTCTCCAGGGA,0,0,1
Ots_CCR7,C,T,CCACGTAGCGATCG,ACCACATAGCGATCG,CTGCTCACCTGCATCAGTGT,0,0,1
Ots_brp16-64,T,C,AAGTCAGCATCTTTCA,AGTCAGCGTCTTTCA,ACTCTGGGTCCAGGAGGTTTT,0,0,1
Ots_101554-407,C,G,ATGGAGGATTGTGGTTGT,ATGGAGGATTCTGGTTGT,TGAAAGATATCAATTGTAGTAGTGGTGGTG,0,0,1
Ots_U2362-227,A,T,AAGAAGCATTTTTT[GT][GT],AAGAAGCATTTATTTT,TCGTGGATTGTGGCTTACGT,0,0,1
Ots_crRAD9615-69,T,C,TATTGGTCAGGGAA,TATTGGCCAGGGAA,GAATGCAGGGCCAGGGAG,0,0,1
Ots_unk9480-51,G,C,CTCCCACAAACCC,TCCCAGAAACCC,CAAATCAGAACAAAACCTCCCACAA,0,0,1
Ots_109693-392,T,G,TCCGTTAGTTCATCCTGG,TCCGTTAGTTCCTCCTGG,TCTCCCTCATTCCCATGTCATATCA,0,0,1
Ots_myo1a-384,A,C,ACAGATCCATCCACCACT,AGATCCAGCCACCACT,CTCCCCCCTGGACTTTGG,0,0,1
Ots_IL8R_C8,C,T,CTGGACGCCGTTACA,TGGACGCCATTACA,CGTGGTGTTCGCCTTCCT,0.5,0,1
Ots_unk3513-49,C,T,AGTGCGAAGAACC,AGTGCAAAGAACC,TTTGAGTGAGTCACTGCACCAA,0,0,1
Ots_crRAD78968-46,C,T,AG[CA]AATC[CA]CACAGC,AG[CA]AATT[CA]CACAGC,CCTGCTCTGTGTCTGGGC,0,0,1
Ots_u1002-75,T,C,ATGGCCCTTACACTATC,TGGCCCTTACGCTATC,CCGCCTTTCCCACCTTCTC,0,0,1
Ots_102867-609,A,G,ACAGAGAGAAGTCCCAGGTG,AGAGAGAAGCCCCAGGTG,CTCTGCCATTCATTTGGGCTTTG,0,0,1
Ots_cgo24-22,T,C,CCAGATGAACAACTTCAC,CCAGATGAGCAACTTCAC,AGGTCCTCTGTCGCACCTA,0,0,1
Ots_TAPBP,C,T,CAGCTGTCCAGTTCTG,CAGTTGTCCAGTTCTG,TTTCTCATCCTTCTCTCTTCCAGTCT,0,0,1
Ots_crRAD55400-59,C,T,CTAACCCGGA[CA][GA]AC,CTAACCTGGA[CA][GA]AC,CGCAATGAGCCAACCCCT,0,0,1
Ots_P53,G,A,CTGGGTCGGCGCT,TGGGTCGACGCTC,GGAACTTCCTCTCCCGTTCTG,0,0,1
Ots_118205-61,T,C,TAGTAGCCCCTACACCTC,TAGCCCCTGCACCTC,CCATACAGCCAGTCCAGGTG,0,0.4,1
Ots_TNF,C,T,CTGGCTGTAAACGAAGA,TGGCTGTAAACAAAGA,CCAAATCCTCATCCCACACACT,2,0,1
Ots_crRAD47297-55,T,C,TAGCCGTCACCGAT,TAGCCGCCACCGAT,CTCCCTGTTCGCTAGCCG,0,0,1
Ots_103041-52,G,A,CATCCTGCTGGACCC,CATCCTGTTGGACCC,ACCACCCACCTCCTCAGA,0,0,1
Ots_crRAD26081-28,T,G,TGGAGGTGGAGGAG,TGGAGGGGGAGGAG,GGGAGAGGGAGACGTGGA,0,0,1
Ots_crRAD22960-32,C,T,CGACACCACTTACA,CGACACTACTTACA,ATCAGGTCTGGGGCGACA,0,0,1
Ots28_11206740,T,C,CCTTCCCTCCTAGGGCAACGT,CCTTCCCTCCCAGGGCAACGT,ACTTTGAGGACTTACTCCTGTCCT,0,0,1
Ots29_18791740,T,G,CCTATGAAGTT,CCGATGAAGTT,GTTTTGGTGTGGTCTCAAATCC,0,0,1
Ots28_11143508,G,A,TTCACGTACGGCCCAT,TTCACATACGGCCCAT,ACCTTTTAGCCAGTGACAACATTT,0,0,1
Ots28_11070757,A,G,ACCCATGAATAAGGACGAGAG,ACCCATGAATGAGGACGAGAG,TTTTGGAACCCTTTTTACTACGAG,0,0,1
Ots28_11071377,T,C,CATCTTAGCCTCTCTGACCCC,CATCTTAGCCCCTCTGACCCC,ATTTGCTGTGTGTGGAGTGAAT,0,0,1
Ots4_41638710,G,A,CCTGAGATTAGG,CCTGAGATTAAG,CAGCAGCTGTTTATGACTGACTTC,0,0,1
Ots3_57055518,T,C,TGATCATATCTCGTTCAGT,TGATCATACCTCGTTCAGT,TTAGCAGGCGATCTAATTCTGATT,0,0,1
Ots18_3550047,A,G,TCATTTTTGCAGAGAGAGAAT,TCATTTTTGCGGAGAGAGAAT,ATCATCTCTGCTCAGAGGCTATTC,0,0,1
Ots11_32418659,A,T,AGCCAATTGTAGCCTTAGTGC,AGCCAATTGTTGCCTTAGTGC,CAATTGTAGCCCTCTAACTTTTCC,0,0,1
Ots28_11207428,T,G,GTTGGGAGCGTCCCAAAATGG,GTTGGGAGCGGCCCAAAATGG,TATACCTTTGTAGCATCCCTCTCC,0.5,0,1
Ots5_70908626,T,C,AGCCTCTTCCTCTCTG,AGCCTCTTCCCCTCTG,TACGGTAGGAAGACTGAATGAGTG,0,0,1
Ots28_11210919,C,T,GACCTCAAGCAGTCAG,GACCTTAAGCAGTCAG,AGTGCTCCATGCTGGAGTTT,0,0,1
Ots4_42378741,C,T,AGATGAACACCAACTGGCCGG,AGATGAACACTAACTGGCCGG,CAGTTTAAGTGTTACCACCACGAG,0,0,1
Ots28_11205423,A,G,CCTGCACACATGTCAAACCG,CCTGCACACGTGTCAAACCG,TTAAATCACCCAGAGCTTGTTAGA,0,0,1
Ots28_11075348,G,A,GTGTGAAAGGGGAGAAGGGCT,GTGTGAAAGGAGAGAAGGGCT,CATTTCAAAATTAGGAGGTTAGGG,0,0,1
Ots17_22360456,T,G,AGTCTGTCGTTGT,AGGCTGTCGTTGT,ATGGTTAAATTGACTCCTCCCTAT,0,0,1
Ots19_46172133,C,T,GCAAATCTCCGATGTAAAGT,GCAAATCTCTGATGTAAAGT,CACATGGCTCTTTGCTCAAAAT,1,0,1
Ots19_46172427,G,A,TATTCAAAAGGAGCAGTTCAT,TATTCAAAAGAAGCAGTTCAT,CAGTTCCTGACATTCACCAAAATA,0.8,0,1
Ots_Six6-3_AT,A,T,GAGTAAACATTGAA,GAGTAAACTTTGAA,GCGAGCAATTATTCGGGCAA,0,0,1
Ots_Six6-3_AG,A,G,AGTAAAATGTATGA,AGTAAAGTGTATGA,GACACCATAAACGCTGTAGCC,0,0,1
Ots_VGLL3-1,C,A,ACCTGCTCTAACTA,ACCTGATCTAACTA,AGGAGTCCGAGTCATTCT,0,0,1